<?xml version="1.0" encoding="utf-8"?>
<TableLayout xmlns:android="http://schemas.android.com/apk/res/android"
    xmlns:app="http://schemas.android.com/apk/res-auto"
    xmlns:tools="http://schemas.android.com/tools"
    android:layout_width="match_parent"
    android:layout_height="match_parent"
    tools:context=".MainActivity">

    <TableRow
        android:id="@+id/row1"
        android:layout_width="match_parent"
        android:layout_height="wrap_content">

        <TextView
            android:layout_width="wrap_content"
            android:layout_height="wrap_content"
            android:id="@+id/tv1"
            android:text="First Name :"
            android:textSize="25sp">
        </TextView>

        <EditText
            android:layout_width="wrap_content"
            android:layout_height="wrap_content"
            android:id="@+id/f_name"
            android:text=""
            android:textSize="25sp">

        </EditText>

    </TableRow>
    <TableRow
        android:id="@+id/row2"
        android:layout_width="match_parent"
        android:layout_height="wrap_content">

        <TextView
            android:layout_width="wrap_content"
            android:layout_height="wrap_content"
            android:id="@+id/tv2"
            android:text="Last name"
            android:textSize="25sp">
        </TextView>

        <EditText
            android:layout_width="wrap_content"
            android:layout_height="wrap_content"
            android:id="@+id/l_name"
            android:text=""
            android:textSize="25sp">

        </EditText>

    </TableRow>
    <TableRow
        android:id="@+id/row3"
        android:layout_width="match_parent"
        android:layout_height="wrap_content">

        <TextView
            android:layout_width="wrap_content"
            android:layout_height="wrap_content"
            android:id="@+id/tv3"
            android:text="Address :"
            android:textSize="25sp">
        </TextView>

        <EditText
            android:layout_width="wrap_content"
            android:layout_height="wrap_content"
            android:id="@+id/address"
            android:text="         "
            android:textSize="25sp">

        </EditText>

    </TableRow>
    <TableRow
        android:id="@+id/row4"
        android:layout_width="match_parent"
        android:layout_height="wrap_content">

        <TextView
            android:layout_width="wrap_content"
            android:layout_height="wrap_content"
            android:id="@+id/tv4"
            android:text="Phone Number :"
            android:textSize="25sp">
        </TextView>

        <EditText
            android:layout_width="wrap_content"
            android:layout_height="wrap_content"
            android:id="@+id/ph_no"
            android:text="         "
            android:textSize="25sp">

        </EditText>

    </TableRow>
    <TableRow
        android:id="@+id/row5"
        android:layout_width="match_parent"
        android:layout_height="wrap_content">

        <TextView
            android:layout_width="wrap_content"
            android:layout_height="wrap_content"
            android:id="@+id/tv5"
            android:text="Email :"
            android:textSize="25sp">
        </TextView>

        <EditText
            android:layout_width="wrap_content"
            android:layout_height="wrap_content"
            android:id="@+id/email"
            android:text="         "
            android:textSize="25sp">

        </EditText>

    </TableRow>
    <TableRow
        android:id="@+id/row6"
        android:layout_width="match_parent"
        android:layout_height="wrap_content">

        <RadioButton
            android:layout_width="wrap_content"
            android:layout_height="wrap_content"
            android:text="Male"
            android:id="@+id/male">

        </RadioButton>
    </TableRow>
    <TableRow
        android:id="@+id/row7"
        android:layout_width="match_parent"
        android:layout_height="wrap_content">

        <RadioButton
            android:layout_width="wrap_content"
            android:layout_height="wrap_content"
            android:text="Female"
            android:id="@+id/female">

        </RadioButton>
    </TableRow>

    <TableRow
        android:id="@+id/row8"
        android:layout_width="match_parent"
        android:layout_height="wrap_content">

        <Button
            android:layout_width="wrap_content"
            android:layout_height="wrap_content"
            android:id="@+id/btn_submit"
            android:text="Submit"
            android:layout_marginRight="3sp">

        </Button>

        <Button
            android:layout_width="wrap_content"
            android:layout_height="wrap_content"
            android:id="@+id/btn_clear"
            android:text="Clear">

        </Button>
    </TableRow>




</TableLayout>
